"","Date","ID.1","ID.2","Site","TimeStamp"
"1",2019-10-23,"Aquaman","Abeja","AZ","11:18:40"
"2",2019-12-30,"Burrito","Adobo","AZ","10:13:38"
"3",2020-02-03,"Diablo","Adobo","AZ","10:59:51"
"4",2020-01-20,"Taco","Adobo","AZ","11:44:47"
"5",2020-01-26,"Taco","Adobo","AZ","10:42:35"
"6",2019-11-17,"Fideo","Aquaman","AZ","7:24:32"
"7",2019-12-29,"Fideo","Aquaman","AZ","9:05:37"
"8",2020-01-26,"Adobo","Burrito","AZ","9:59:57"
"9",2020-01-26,"Adobo","Chalupa","AZ","9:48:36"
"10",2019-12-16,"Taco","Chalupa","AZ","10:03:56"
"11",2020-03-03,"Mangonada","Chilaquile","AZ","11:48:08"
"12",2019-12-29,"Crema","Chile","AZ","9:24:49"
"13",2019-09-05,"Mangonada","Chile","AZ","6:25:29"
"14",2019-12-22,"Pozole","Chimichanga","AZ","8:27:43"
"15",2020-03-03,"Mangonada","Crema","AZ","11:55:48"
"16",2020-03-02,"Paella","Crema","AZ","9:50:05"
"17",2019-11-26,"Pepino","Fideo","AZ","12:18:18"
"18",2019-10-30,"Tripa","Frijoles","AZ","7:41:37"
"19",2020-01-26,"Taco","Guapo","AZ","10:29:28"
"20",2019-12-03,"Uva","Lechuga","AZ","10:32:15"
"21",2020-01-26,"Adobo","Morada","AZ","9:49:14"
"22",2019-11-25,"Taco","Morada","AZ","8:43:32"
"23",2019-09-12,"Naranja","Nacho","AZ","9:11:10"
"24",2019-12-29,"Fideo","Naranja","AZ","8:57:43"
"25",2019-09-12,"Taquito","Naranja","AZ","8:57:41"
"26",2019-12-09,"Abeja","Pan Dulce","AZ","9:51:33"
"27",2019-12-22,"Migas","Pan Dulce","AZ","10:18:00"
"28",2019-12-01,"Mixiote","Pepino","AZ","9:54:54"
"29",2019-12-16,"Taquito","Pepino","AZ","9:14:17"
"30",2020-01-12,"Chilaquile","Pico","AZ","10:04:52"
"31",2020-03-03,"Chilaquile","Pico","AZ","10:54:20"
"32",2020-01-15,"Chimichanga","Pozole","AZ","10:34:37"
"33",2019-09-12,"Sincronizada","Quesadilla","AZ","8:00:19"
"34",2019-12-29,"Adobo","Taco","AZ","10:23:40"
"35",2019-12-03,"Morada","Taco","AZ","12:42:57"
"36",2019-09-05,"Mangonada","Tapa","AZ","6:30:49"
"37",2019-09-12,"Naranja","Taquito","AZ","9:08:27"
"38",2020-01-13,"Tortilla","Taquito","AZ","11:47:53"
"39",2019-12-09,"Abeja","Torta","AZ","9:52:22"
"40",2019-12-02,"Tortilla","Torta","AZ","10:11:10"
"41",2019-12-09,"Abeja","Tortilla","AZ","9:51:48"
"42",2019-09-22,"Fideo","Tortilla","AZ","7:14:13"
"43",2019-01-16,"Taquito","Tortilla","AZ","11:14:31"
"44",2019-10-29,"Abeja","unbanded adult female","AZ","13:34:16"
"45",2019-12-09,"Abeja","unbanded adult female","AZ","9:53:10"
"46",2020-01-26,"Adobo","unbanded adult female","AZ","9:52:56"
"47",2020-01-20,"Ahumada Asada","unbanded adult female","AZ","9:04:23"
"48",2019-03-07,"Aquaman","unbanded adult female","AZ","8:52:52"
"49",2019-09-17,"Aquaman","unbanded adult female","AZ","7:56:12"
"50",2020-03-02,"Azucara","unbanded adult female","AZ","8:26:11"
"51",2019-12-30,"Burrito","unbanded adult female","AZ","10:12:09"
"52",2020-01-27,"Burrito","unbanded adult female","AZ","8:15:52"
"53",2019-10-30,"Cemita","unbanded adult female","AZ","8:33:02"
"54",2019-02-04,"Chalupa","unbanded adult female","AZ","7:45:08"
"55",2019-11-25,"Chalupa","unbanded adult female","AZ","10:27:17"
"56",2020-01-27,"Chalupa","unbanded adult female","AZ","11:19:22"
"57",2020-01-30,"Chilaquile","unbanded adult female","AZ","12:17:57"
"58",2020-03-03,"Chilaquile","unbanded adult female","AZ","10:53:33"
"59",2019-12-22,"Chimichanga","unbanded adult female","AZ","8:45:02"
"60",2020-01-15,"Chimichanga","unbanded adult female","AZ","10:34:51"
"61",2020-02-09,"Chimichanga","unbanded adult female","AZ","10:26:48"
"62",2020-01-27,"Cochinita","unbanded adult female","AZ","9:20:17"
"63",2020-03-02,"Diablo","unbanded adult female","AZ","10:25:43"
"64",2019-02-04,"Fajita","unbanded adult female","AZ","8:21:27"
"65",2019-09-22,"Fideo","unbanded adult female","AZ","7:16:51"
"66",2019-11-17,"Fideo","unbanded adult female","AZ","7:32:46"
"67",2019-12-09,"Fideo","unbanded adult female","AZ","8:04:01"
"68",2019-12-29,"Fideo","unbanded adult female","AZ","9:04:21"
"69",2019-12-03,"Frijoles","unbanded adult female","AZ","8:33:16"
"70",2019-12-08,"Lechuga","unbanded adult female","AZ","9:33:16"
"71",2020-01-16,"Lechuga","unbanded adult female","AZ","8:29:42"
"72",2019-09-22,"Mangonada","unbanded adult female","AZ","8:52:58"
"73",2019-11-15,"Mangonada","unbanded adult female","AZ","7:58:49"
"74",2019-12-22,"Migas","unbanded adult female","AZ","10:08:19"
"75",2019-09-16,"Mixiote","unbanded adult female","AZ","6:35:19"
"76",2019-12-01,"Mixiote","unbanded adult female","AZ","9:56:08"
"77",2019-12-03,"Morada","unbanded adult female","AZ","12:43:36"
"78",2019-09-16,"Nacho","unbanded adult female","AZ","6:55:28"
"79",2019-09-12,"Naranja","unbanded adult female","AZ","9:12:19"
"80",2019-12-16,"Naranja","unbanded adult female","AZ","7:43:52"
"81",2020-01-20,"Naranja","unbanded adult female","AZ","8:26:19"
"82",2019-11-06,"Nopal","unbanded adult female","AZ","9:52:48"
"83",2020-03-02,"Paella","unbanded adult female","AZ","9:52:30"
"84",2019-12-03,"Pan Dulce","unbanded adult female","AZ","10:13:38"
"85",2019-09-17,"Pepino","unbanded adult female","AZ","8:38:10"
"86",2019-11-26,"Pepino","unbanded adult female","AZ","12:26:59"
"87",2020-02-13,"Pepino","unbanded adult female","AZ","9:28:29"
"88",2018-11-28,"Pico","unbanded adult female","AZ","13:35:55"
"89",2019-11-17,"Pico","unbanded adult female","AZ","8:46:01"
"90",2019-11-26,"Pozole","unbanded adult female","AZ","8:04:41"
"91",2019-12-22,"Pozole","unbanded adult female","AZ","8:28:24"
"92",2020-01-28,"Quesadilla","unbanded adult female","AZ","8:40:24"
"93",2019-10-30,"Queso","unbanded adult female","AZ","9:20:00"
"94",2019-09-12,"Sincronizada","unbanded adult female","AZ","7:54:33"
"95",2019-12-16,"Taco","unbanded adult female","AZ","10:05:06"
"96",2020-01-26,"Taco","unbanded adult female","AZ","10:42:21"
"97",2019-09-05,"Tapa","unbanded adult female","AZ","6:38:20"
"98",2019-09-12,"Taquito","unbanded adult female","AZ","9:01:58"
"99",2019-11-17,"Torta","unbanded adult female","AZ","7:55:03"
"100",2020-01-23,"Torta","unbanded adult female","AZ","9:15:36"
"101",2019-09-22,"Tortilla","unbanded adult female","AZ","6:50:24"
"102",2019-12-02,"Tortilla","unbanded adult female","AZ","9:57:51"
"103",2020-01-13,"Tortilla","unbanded adult female","AZ","11:54:50"
"104",2019-09-12,"Tripa","unbanded adult female","AZ","6:40:45"
"105",2019-10-30,"Tripa","unbanded adult female","AZ","7:41:50"
"106",2019-11-03,"Tripa","unbanded adult female","AZ","8:50:24"
"107",2019-12-01,"Tripa","unbanded adult female","AZ","9:21:41"
"108",2020-01-12,"Tripa","unbanded adult female","AZ","10:46:39"
"109",2019-12-03,"Uva","unbanded adult female","AZ","10:37:32"
"110",2020-03-02,"Uva","unbanded adult female","AZ","9:24:41"
"111",2020-01-26,"Yuca","unbanded adult female","AZ","9:16:10"
"112",2020-02-02,"Yuca","unbanded adult female","AZ","9:20:57"
"113",2019-10-29,"Abeja","unbanded adult male","AZ","13:27:30"
"114",2019-12-09,"Abeja","unbanded adult male","AZ","9:56:13"
"115",2019-12-29,"Adobo","unbanded adult male","AZ","10:22:35"
"116",2020-01-26,"Adobo","unbanded adult male","AZ","9:58:56"
"117",2020-01-20,"Ahumada Asada","unbanded adult male","AZ","9:01:16"
"118",2019-09-17,"Aquaman","unbanded adult male","AZ","7:54:18"
"119",2019-10-23,"Aquaman","unbanded adult male","AZ","11:26:32"
"120",2019-12-04,"Aquaman","unbanded adult male","AZ","7:34:54"
"121",2020-03-02,"Azucara","unbanded adult male","AZ","8:28:53"
"122",2019-12-30,"Burrito","unbanded adult male","AZ","10:12:14"
"123",2020-01-24,"Burrito","unbanded adult male","AZ","8:11:53"
"124",2020-01-27,"Burrito","unbanded adult male","AZ","8:18:13"
"125",2019-02-04,"Calabazo","unbanded adult male","AZ","10:14:14"
"126",2019-03-07,"Ceviche","unbanded adult male","AZ","8:25:14"
"127",2019-11-25,"Chalupa","unbanded adult male","AZ","10:22:21"
"128",2020-01-12,"Chilaquile","unbanded adult male","AZ","10:09:04"
"129",2020-01-30,"Chilaquile","unbanded adult male","AZ","12:24:16"
"130",2020-03-03,"Chilaquile","unbanded adult male","AZ","10:53:43"
"131",2020-01-27,"Cochinita","unbanded adult male","AZ","9:20:10"
"132",2020-03-02,"Concha","unbanded adult male","AZ","11:17:44"
"133",2020-01-13,"Crema","unbanded adult male","AZ","9:28:40"
"134",2019-12-30,"Diablo","unbanded adult male","AZ","9:31:22"
"135",2020-02-03,"Diablo","unbanded adult male","AZ","10:58:28"
"136",2019-02-04,"Fajita","unbanded adult male","AZ","8:21:19"
"137",2019-11-17,"Fideo","unbanded adult male","AZ","7:31:22"
"138",2019-12-09,"Fideo","unbanded adult male","AZ","7:55:34"
"139",2019-12-29,"Fideo","unbanded adult male","AZ","9:02:43"
"140",2019-12-08,"Lechuga","unbanded adult male","AZ","9:36:17"
"141",2020-01-16,"Lechuga","unbanded adult male","AZ","8:31:15"
"142",2020-03-03,"Mangonada","unbanded adult male","AZ","11:47:29"
"143",2019-12-01,"Mixiote","unbanded adult male","AZ","9:56:18"
"144",2019-09-22,"Morada","unbanded adult male","AZ","7:46:07"
"145",2019-12-03,"Morada","unbanded adult male","AZ","12:43:16"
"146",2020-02-13,"Morada","unbanded adult male","AZ","8:45:42"
"147",2019-11-15,"Nacho","unbanded adult male","AZ","7:23:04"
"148",2019-12-16,"Naranja","unbanded adult male","AZ","7:36:32"
"149",2020-01-20,"Naranja","unbanded adult male","AZ","8:25:52"
"150",2020-03-02,"Paella","unbanded adult male","AZ","9:46:53"
"151",2019-12-03,"Pan Dulce","unbanded adult male","AZ","10:15:41"
"152",2020-01-13,"Pavo","unbanded adult male","AZ","8:57:22"
"153",2019-09-17,"Pepino","unbanded adult male","AZ","8:33:56"
"154",2019-11-26,"Pepino","unbanded adult male","AZ","12:18:42"
"155",2020-01-15,"Pepino","unbanded adult male","AZ","11:21:34"
"156",2020-02-13,"Pepino","unbanded adult male","AZ","9:29:35"
"157",2019-12-04,"Picante","unbanded adult male","AZ","8:30:38"
"158",2018-11-28,"Pico","unbanded adult male","AZ","13:34:05"
"159",2019-11-26,"Pozole","unbanded adult male","AZ","8:04:53"
"160",2019-10-30,"Queso","unbanded adult male","AZ","9:19:31"
"161",2019-09-12,"Sincronizada","unbanded adult male","AZ","7:59:47"
"162",2019-11-25,"Taco","unbanded adult male","AZ","8:55:01"
"163",2019-12-16,"Taco","unbanded adult male","AZ","9:58:27"
"164",2020-01-20,"Taco","unbanded adult male","AZ","11:43:42"
"165",2020-01-26,"Taco","unbanded adult male","AZ","10:29:10"
"166",2019-09-05,"Tapa","unbanded adult male","AZ","6:38:16"
"167",2019-12-16,"Taquito","unbanded adult male","AZ","9:21:35"
"168",2019-11-17,"Torta","unbanded adult male","AZ","7:55:00"
"169",2020-01-23,"Torta","unbanded adult male","AZ","9:15:21"
"170",2020-01-13,"Tortilla","unbanded adult male","AZ","11:59:56"
"171",2019-12-03,"Uva","unbanded adult male","AZ","10:32:04"
"172",2020-03-02,"Uva","unbanded adult male","AZ","9:20:51"
"173",2020-02-02,"Yuca","unbanded adult male","AZ","9:11:37"
"174",2019-09-17,"Aquaman","unbanded juvenile","AZ","7:50:50"
"175",2019-09-22,"Fideo","unbanded juvenile","AZ","7:14:59"
"176",2019-12-09,"Fideo","unbanded juvenile","AZ","7:55:02"
"177",2019-11-04,"Lechuga","unbanded juvenile","AZ","9:58:06"
"178",2019-09-22,"Morada","unbanded juvenile","AZ","7:45:39"
"179",2019-09-16,"Nacho","unbanded juvenile","AZ","6:55:53"
"180",2019-09-12,"Naranja","unbanded juvenile","AZ","9:15:16"
"181",2019-12-16,"Naranja","unbanded juvenile","AZ","7:47:35"
"182",2019-09-17,"Pepino","unbanded juvenile","AZ","8:43:38"
"183",2019-09-12,"Sincronizada","unbanded juvenile","AZ","7:59:51"
"184",2019-12-16,"Taco","unbanded juvenile","AZ","10:02:28"
"185",2019-09-05,"Tapa","unbanded juvenile","AZ","6:38:24"
"186",2019-09-12,"Taquito","unbanded juvenile","AZ","9:03:40"
"187",2019-11-17,"Torta","unbanded juvenile","AZ","7:52:25"
"188",2019-09-22,"Tortilla","unbanded juvenile","AZ","6:54:05"
"189",2019-12-09,"Abeja","unknown adult female","AZ","9:43:19"
"190",2019-03-07,"Aquaman","unknown adult female","AZ","8:56:31"
"191",2019-10-23,"Aquaman","unknown adult female","AZ","11:13:59"
"192",2019-12-30,"Burrito","unknown adult female","AZ","10:11:10"
"193",2020-01-27,"Burrito","unknown adult female","AZ","8:16:23"
"194",2020-01-13,"Cebollita","unknown adult female","AZ","9:43:06"
"195",2019-02-04,"Chalupa","unknown adult female","AZ","7:47:38"
"196",2020-03-03,"Chilaquile","unknown adult female","AZ","11:00:59"
"197",2019-12-29,"Crema","unknown adult female","AZ","9:22:21"
"198",2019-02-04,"Fajita","unknown adult female","AZ","8:22:13"
"199",2019-09-22,"Fideo","unknown adult female","AZ","7:16:53"
"200",2020-03-03,"Mangonada","unknown adult female","AZ","11:45:43"
"201",2020-01-26,"Memela","unknown adult female","AZ","11:45:03"
"202",2019-12-22,"Migas","unknown adult female","AZ","10:09:36"
"203",2019-12-16,"Naranja","unknown adult female","AZ","7:42:34"
"204",2020-03-02,"Paella","unknown adult female","AZ","9:52:40"
"205",2019-12-03,"Pan Dulce","unknown adult female","AZ","10:17:57"
"206",2020-02-13,"Pepino","unknown adult female","AZ","9:32:47"
"207",2019-12-04,"Picante","unknown adult female","AZ","8:30:31"
"208",2018-12-27,"Salsa","unknown adult female","AZ","10:21:55"
"209",2018-12-27,"Sincronizada","unknown adult female","AZ","9:46:50"
"210",2019-12-16,"Taco","unknown adult female","AZ","10:06:12"
"211",2019-01-16,"Taquito","unknown adult female","AZ","11:16:22"
"212",2019-12-02,"Tortilla","unknown adult female","AZ","10:11:28"
"213",2019-12-03,"Uva","unknown adult female","AZ","10:33:00"
"214",2020-03-02,"Uva","unknown adult female","AZ","9:24:33"
"215",2020-02-02,"Yuca","unknown adult female","AZ","9:20:52"
"216",2019-12-30,"Burrito","unknown adult male","AZ","10:00:36"
"217",2020-01-24,"Burrito","unknown adult male","AZ","8:19:24"
"218",2020-01-27,"Chalupa","unknown adult male","AZ","11:12:51"
"219",2020-02-09,"Chimichanga","unknown adult male","AZ","10:20:03"
"220",2019-09-22,"Fideo","unknown adult male","AZ","7:10:50"
"221",2020-01-16,"Lechuga","unknown adult male","AZ","8:27:57"
"222",2020-01-26,"Memela","unknown adult male","AZ","11:46:13"
"223",2020-03-02,"Paella","unknown adult male","AZ","9:52:22"
"224",2020-01-15,"Pepino","unknown adult male","AZ","11:10:49"
"225",2020-02-13,"Pepino","unknown adult male","AZ","9:32:41"
"226",2018-12-27,"Salsa","unknown adult male","AZ","10:22:33"
"227",2019-12-02,"Tortilla","unknown adult male","AZ","9:58:21"
"228",2020-03-02,"Uva","unknown adult male","AZ","9:14:25"
"229",2019-10-30,"Cemita","unknown female","AZ","8:23:27"
"230",2019-10-31,"Cochinita","unknown female","AZ","8:22:20"
"231",2019-11-17,"Fideo","unknown female","AZ","7:31:36"
"232",2019-11-04,"Lechuga","unknown female","AZ","9:53:59"
"233",2019-11-15,"Mangonada","unknown female","AZ","7:47:20"
"234",2019-09-16,"Mixiote","unknown female","AZ","6:28:27"
"235",2019-11-17,"Nopal","unknown female","AZ","9:39:09"
"236",2019-09-17,"Pepino","unknown female","AZ","8:40:43"
"237",2019-11-17,"Pico","unknown female","AZ","8:49:50"
"238",2019-11-25,"Taco","unknown female","AZ","8:33:27"
"239",2019-11-03,"Tripa","unknown female","AZ","8:56:59"
"240",2020-03-02,"Azucara","unknown juvenile","AZ","8:26:13"
"241",2019-02-04,"Fajita","unknown juvenile","AZ","8:14:58"
"242",2021-11-03,"Dulce de Leche","Camote","CA","14:52:24"
"243",2022-01-27,"Pina","Camote","CA","10:09:05"
"244",2022-01-25,"Urraca","Camote","CA","11:41:00"
"245",2021-11-23,"Camote","Cuervo","CA","13:21:47"
"246",2021-11-30,"Dulce de Leche","Cuervo","CA","12:49:00"
"247",2022-01-25,"Urraca","Cuervo","CA","11:41:00"
"248",2022-01-18,"Kel","Cutuy","CA","13:38:45"
"249",2022-03-15,"Pina","Cutuy","CA","9:48:09"
"250",2022-02-17,"Urraca","Cutuy","CA","9:30:20"
"251",2022-01-27,"Pina","Dulce de Leche","CA","10:05:45"
"252",2022-01-25,"Urraca","Dulce de Leche","CA","11:47:53"
"253",2022-02-03,"Galandra","Pina","CA","13:51:58"
"254",2022-01-14,"Bacmut Bacni","Tembleque","CA","13:27:13"
"255",2022-01-13,"Camote","Tembleque","CA","12:52:51"
"256",2022-01-24,"Wachil","Tembleque","CA","11:57:36"
"257",2022-03-14,"Cutuy","Tzanatl Preciosa","CA","11:17:55"
"258",2022-01-11,"Tembleque","Tzanatl Preciosa","CA","10:18:00"
"259",2021-10-21,"Ak'xi","unbanded adult female","CA","8:55:14"
"260",2022-01-14,"Bacmut Bacni","unbanded adult female","CA","13:20:57"
"261",2022-03-09,"Bacmut Bacni","unbanded adult female","CA","8:30:29"
"262",2021-11-02,"Camote","unbanded adult female","CA","11:13:32"
"263",2021-11-23,"Camote","unbanded adult female","CA","13:21:56"
"264",2022-01-13,"Camote","unbanded adult female","CA","12:58:15"
"265",2021-10-27,"Cuervo","unbanded adult female","CA","11:05:56"
"266",2021-11-17,"Cuervo","unbanded adult female","CA","15:16:15"
"267",2021-12-09,"Cuervo","unbanded adult female","CA","13:26:05"
"268",2022-01-04,"Cuervo","unbanded adult female","CA","9:20:11"
"269",2022-01-11,"Cutuy","unbanded adult female","CA","11:14:18"
"270",2022-02-01,"Cutuy","unbanded adult female","CA","11:05:36"
"271",2022-02-21,"Cutuy","unbanded adult female","CA","12:31:00"
"272",2022-03-14,"Cutuy","unbanded adult female","CA","11:24:25"
"273",2021-11-03,"Dulce de Leche","unbanded adult female","CA","14:50:50"
"274",2021-11-30,"Dulce de Leche","unbanded adult female","CA","12:52:12"
"275",2021-10-27,"Galandra","unbanded adult female","CA","9:25:51"
"276",2022-01-13,"Galandra","unbanded adult female","CA","13:46:09"
"277",2022-02-03,"Galandra","unbanded adult female","CA","13:52:49"
"278",2022-02-24,"Galandra","unbanded adult female","CA","7:50:24"
"279",2021-10-21,"Kau","unbanded adult female","CA","14:04:36"
"280",2021-11-11,"Kau","unbanded adult female","CA","11:23:25"
"281",2021-12-23,"Kau","unbanded adult female","CA","14:29:29"
"282",2022-01-18,"Kel","unbanded adult female","CA","13:35:25"
"283",2022-02-08,"Kel","unbanded adult female","CA","12:18:46"
"284",2022-03-01,"Kel","unbanded adult female","CA","9:14:00"
"285",2022-01-27,"Pina","unbanded adult female","CA","10:04:32"
"286",2022-02-21,"Pina","unbanded adult female","CA","11:33:10"
"287",2022-03-15,"Pina","unbanded adult female","CA","9:43:58"
"288",2021-10-26,"Polvorones","unbanded adult female","CA","14:44:00"
"289",2021-12-03,"Polvorones","unbanded adult female","CA","14:45:41"
"290",2022-01-25,"Polvorones","unbanded adult female","CA","9:17:02"
"291",2022-01-13,"Quiscalus","unbanded adult female","CA","9:13:38"
"292",2022-02-04,"Quiscalus","unbanded adult female","CA","9:29:36"
"293",2022-02-25,"Quiscalus","unbanded adult female","CA","10:57:04"
"294",2022-03-21,"Quiscalus","unbanded adult female","CA","13:58:46"
"295",2021-12-03,"Talingo","unbanded adult female","CA","13:58:57"
"296",2022-01-18,"Talingo","unbanded adult female","CA","8:13:02"
"297",2022-02-09,"Talingo","unbanded adult female","CA","7:23:34"
"298",2022-01-11,"Tembleque","unbanded adult female","CA","10:53:32"
"299",2022-02-01,"Tembleque","unbanded adult female","CA","10:35:54"
"300",2022-01-10,"Tzanatl Preciosa","unbanded adult female","CA","10:53:18"
"301",2022-03-11,"Tzanatl Preciosa","unbanded adult female","CA","8:52:06"
"302",2021-12-14,"Urraca","unbanded adult female","CA","13:27:59"
"303",2022-01-04,"Urraca","unbanded adult female","CA","8:12:24"
"304",2022-01-25,"Urraca","unbanded adult female","CA","11:47:13"
"305",2022-02-17,"Urraca","unbanded adult female","CA","9:30:19"
"306",2021-12-09,"Wachil","unbanded adult female","CA","13:03:48"
"307",2021-12-31,"Wachil","unbanded adult female","CA","14:23:36"
"308",2022-01-24,"Wachil","unbanded adult female","CA","11:58:52"
"309",2022-02-14,"Wachil","unbanded adult female","CA","11:17:58"
"310",2022-01-07,"Xunub","unbanded adult female","CA","10:32:36"
"311",2021-09-21,"Zapote Negro","unbanded adult female","CA","8:25:36"
"312",2021-11-02,"Zapote Negro","unbanded adult female","CA","10:30:37"
"313",2021-12-22,"Bacmut Bacni","unbanded adult male","CA","8:15:03"
"314",2022-01-14,"Bacmut Bacni","unbanded adult male","CA","13:29:44"
"315",2022-03-09,"Bacmut Bacni","unbanded adult male","CA","9:15:00"
"316",2021-11-02,"Camote","unbanded adult male","CA","11:12:45"
"317",2022-01-13,"Camote","unbanded adult male","CA","12:58:03"
"318",2021-10-27,"Cuervo","unbanded adult male","CA","11:04:06"
"319",2021-11-17,"Cuervo","unbanded adult male","CA","15:06:18"
"320",2021-12-09,"Cuervo","unbanded adult male","CA","13:29:35"
"321",2022-01-04,"Cuervo","unbanded adult male","CA","9:15:33"
"322",2022-03-14,"Cutuy","unbanded adult male","CA","11:18:21"
"323",2021-09-22,"Dulce de Leche","unbanded adult male","CA","10:34:09"
"324",2021-11-03,"Dulce de Leche","unbanded adult male","CA","14:44:00"
"325",2021-11-30,"Dulce de Leche","unbanded adult male","CA","12:53:12"
"326",2021-10-27,"Galandra","unbanded adult male","CA","9:23:05"
"327",2022-02-03,"Galandra","unbanded adult male","CA","13:51:58"
"328",2022-02-24,"Galandra","unbanded adult male","CA","7:50:54"
"329",2021-10-21,"Kau","unbanded adult male","CA","14:00:32"
"330",2021-11-11,"Kau","unbanded adult male","CA","11:24:11"
"331",2021-12-23,"Kau","unbanded adult male","CA","14:34:53"
"332",2022-01-18,"Kel","unbanded adult male","CA","13:36:34"
"333",2022-02-08,"Kel","unbanded adult male","CA","12:22:07"
"334",2022-03-01,"Kel","unbanded adult male","CA","9:12:55"
"335",2022-01-27,"Pina","unbanded adult male","CA","10:05:56"
"336",2022-02-21,"Pina","unbanded adult male","CA","11:33:23"
"337",2021-10-26,"Polvorones","unbanded adult male","CA","14:47:27"
"338",2021-12-03,"Polvorones","unbanded adult male","CA","14:45:42"
"339",2022-01-25,"Polvorones","unbanded adult male","CA","9:19:26"
"340",2022-01-13,"Quiscalus","unbanded adult male","CA","9:15:35"
"341",2022-02-04,"Quiscalus","unbanded adult male","CA","9:29:00"
"342",2022-02-25,"Quiscalus","unbanded adult male","CA","10:59:21"
"343",2022-03-21,"Quiscalus","unbanded adult male","CA","13:59:40"
"344",2021-12-03,"Talingo","unbanded adult male","CA","13:58:57"
"345",2022-01-18,"Talingo","unbanded adult male","CA","8:13:21"
"346",2022-02-09,"Talingo","unbanded adult male","CA","7:27:09"
"347",2021-12-22,"Tembleque","unbanded adult male","CA","11:28:02"
"348",2022-01-11,"Tembleque","unbanded adult male","CA","10:57:18"
"349",2022-02-01,"Tembleque","unbanded adult male","CA","10:30:29"
"350",2022-03-11,"Tzanatl Preciosa","unbanded adult male","CA","8:51:00"
"351",2021-12-14,"Urraca","unbanded adult male","CA","13:31:50"
"352",2022-01-04,"Urraca","unbanded adult male","CA","8:06:01"
"353",2022-01-25,"Urraca","unbanded adult male","CA","11:48:22"
"354",2022-02-17,"Urraca","unbanded adult male","CA","9:31:17"
"355",2021-12-31,"Wachil","unbanded adult male","CA","14:12:24"
"356",2022-01-24,"Wachil","unbanded adult male","CA","11:57:57"
"357",2022-02-14,"Wachil","unbanded adult male","CA","11:15:00"
"358",2022-01-07,"Xunub","unbanded adult male","CA","10:33:06"
"359",2022-02-07,"Xunub","unbanded adult male","CA","9:34:32"
"360",2022-03-09,"Xunub","unbanded adult male","CA","8:58:00"
"361",2021-09-21,"Zapote Negro","unbanded adult male","CA","8:18:48"
"362",2021-11-02,"Zapote Negro","unbanded adult male","CA","10:29:44"
"363",2021-11-23,"Zapote Negro","unbanded adult male","CA","10:33:00"
"364",2021-10-26,"Polvorones","unbanded juvenile","CA","14:47:27"
"365",2022-01-14,"Bacmut Bacni","unbanded juvenile female","CA","13:21:19"
"366",2021-11-02,"Camote","unbanded juvenile female","CA","11:03:24"
"367",2021-11-17,"Cuervo","unbanded juvenile female","CA","15:06:18"
"368",2022-02-21,"Cutuy","unbanded juvenile female","CA","12:35:59"
"369",2021-09-22,"Dulce de Leche","unbanded juvenile female","CA","10:30:23"
"370",2021-11-30,"Dulce de Leche","unbanded juvenile female","CA","12:49:20"
"371",2022-01-13,"Galandra","unbanded juvenile female","CA","13:46:09"
"372",2022-02-08,"Kel","unbanded juvenile female","CA","12:19:00"
"373",2022-03-01,"Kel","unbanded juvenile female","CA","9:13:00"
"374",2022-03-15,"Pina","unbanded juvenile female","CA","9:45:42"
"375",2022-01-04,"Urraca","unbanded juvenile female","CA","8:06:03"
"376",2022-03-09,"Bacmut Bacni","unbanded juvenile male","CA","8:30:55"
"377",2021-09-22,"Dulce de Leche","unbanded juvenile male","CA","10:35:15"
"378",2021-11-30,"Dulce de Leche","unbanded juvenile male","CA","11:45:26"
"379",2021-10-21,"Kau","unbanded juvenile male","CA","14:00:10"
"380",2022-03-15,"Pina","unbanded juvenile male","CA","9:44:24"
"381",2021-12-03,"Polvorones","unbanded juvenile male","CA","14:44:01"
"382",2022-01-25,"Polvorones","unbanded juvenile male","CA","9:19:37"
"383",2022-01-13,"Quiscalus","unbanded juvenile male","CA","9:14:15"
"384",2022-03-21,"Quiscalus","unbanded juvenile male","CA","13:55:19"
"385",2022-01-11,"Tembleque","unbanded juvenile male","CA","10:20:00"
"386",2022-03-09,"Bacmut Bacni","unbanded unknown female","CA","8:30:00"
"387",2022-02-01,"Cutuy","unbanded unknown female","CA","11:02:52"
"388",2021-10-27,"Galandra","unbanded unknown female","CA","9:23:05"
"389",2022-03-15,"Pina","unbanded unknown female","CA","9:48:45"
"390",2022-01-25,"Polvorones","unbanded unknown female","CA","9:15:38"
"391",2022-02-25,"Quiscalus","unbanded unknown female","CA","10:57:41"
"392",2022-03-21,"Quiscalus","unbanded unknown female","CA","13:56:55"
"393",2022-02-09,"Talingo","unbanded unknown female","CA","7:25:43"
"394",2022-01-24,"Wachil","unbanded unknown female","CA","11:55:25"
"395",2022-03-09,"Bacmut Bacni","unbanded unknown male","CA","8:31:50"
"396",2021-11-23,"Camote","unknown adult female","CA","13:16:52"
"397",2021-10-27,"Cuervo","unknown adult female","CA","11:01:43"
"398",2021-12-09,"Cuervo","unknown adult female","CA","13:24:50"
"399",2022-01-04,"Cuervo","unknown adult female","CA","9:18:55"
"400",2022-01-11,"Cutuy","unknown adult female","CA","11:12:26"
"401",2021-11-03,"Dulce de Leche","unknown adult female","CA","14:56:00"
"402",2022-02-24,"Galandra","unknown adult female","CA","7:41:35"
"403",2021-11-11,"Kau","unknown adult female","CA","11:16:22"
"404",2022-01-18,"Kel","unknown adult female","CA","13:31:42"
"405",2022-01-27,"Pina","unknown adult female","CA","10:05:56"
"406",2022-01-25,"Polvorones","unknown adult female","CA","9:20:52"
"407",2022-01-10,"Tzanatl Preciosa","unknown adult female","CA","11:01:39"
"408",2022-01-04,"Urraca","unknown adult female","CA","8:06:02"
"409",2022-01-24,"Wachil","unknown adult female","CA","11:53:12"
"410",2021-12-22,"Bacmut Bacni","unknown adult male","CA","9:14:49"
"411",2022-03-09,"Bacmut Bacni","unknown adult male","CA","9:18:12"
"412",2021-11-23,"Camote","unknown adult male","CA","13:15:26"
"413",2021-10-27,"Cuervo","unknown adult male","CA","11:04:30"
"414",2021-12-09,"Cuervo","unknown adult male","CA","13:29:35"
"415",2022-01-04,"Cuervo","unknown adult male","CA","9:18:53"
"416",2022-02-21,"Cutuy","unknown adult male","CA","12:31:00"
"417",2021-11-11,"Kau","unknown adult male","CA","11:16:04"
"418",2021-10-26,"Polvorones","unknown adult male","CA","14:47:27"
"419",2021-12-03,"Polvorones","unknown adult male","CA","13:43:24"
"420",2021-12-03,"Talingo","unknown adult male","CA","13:59:15"
"421",2022-02-09,"Talingo","unknown adult male","CA","7:24:35"
"422",2021-12-31,"Wachil","unknown adult male","CA","14:14:45"
"423",2022-02-07,"Xunub","unknown adult male","CA","9:35:14"
"424",2021-12-22,"Bacmut Bacni","unknown female","CA","9:14:34"
"425",2022-03-09,"Bacmut Bacni","unknown female","CA","8:34:01"
"426",2022-01-13,"Camote","unknown female","CA","12:52:59"
"427",2021-11-17,"Cuervo","unknown female","CA","15:11:13"
"428",2022-01-11,"Cutuy","unknown female","CA","10:40:04"
"429",2021-11-03,"Dulce de Leche","unknown female","CA","14:52:43"
"430",2022-01-13,"Galandra","unknown female","CA","13:42:54"
"431",2021-11-11,"Kau","unknown female","CA","11:19:48"
"432",2022-02-08,"Kel","unknown female","CA","12:21:51"
"433",2022-01-27,"Pina","unknown female","CA","10:09:11"
"434",2021-10-26,"Polvorones","unknown female","CA","14:46:30"
"435",2022-01-11,"Tembleque","unknown female","CA","10:18:37"
"436",2022-03-11,"Tzanatl Preciosa","unknown female","CA","8:58:48"
"437",2022-01-04,"Urraca","unknown female","CA","8:16:00"
"438",2022-02-17,"Urraca","unknown female","CA","9:36:15"
"439",2021-12-09,"Wachil","unknown female","CA","13:00:50"
"440",2022-01-24,"Wachil","unknown female","CA","11:55:48"
"441",2022-02-14,"Wachil","unknown female","CA","11:24:44"
"442",2022-02-07,"Xunub","unknown female","CA","9:33:32"
"443",2021-09-21,"Zapote Negro","unknown female","CA","8:22:57"
"444",2021-12-09,"Cuervo","unknown grackle","CA","13:20:59"
"445",2022-03-21,"Quiscalus","unknown grackle","CA","11:56:44"
"446",2022-03-09,"Bacmut Bacni","unknown juvenile male","CA","8:32:44"
"447",2022-02-09,"Talingo","unknown juvenile male","CA","7:24:06"
"448",2021-12-22,"Bacmut Bacni","unknown male","CA","9:13:42"
"449",2022-03-09,"Bacmut Bacni","unknown male","CA","8:34:19"
"450",2021-11-03,"Dulce de Leche","unknown male","CA","14:50:50"
"451",2021-10-21,"Kau","unknown male","CA","14:11:24"
"452",2022-01-27,"Pina","unknown male","CA","10:03:33"
"453",2022-02-09,"Talingo","unknown male","CA","7:25:01"
"454",2022-01-04,"Urraca","unknown male","CA","8:16:37"
"455",2022-01-25,"Urraca","unknown male","CA","11:44:39"
"456",2022-02-17,"Urraca","unknown male","CA","9:34:50"
"457",2021-09-21,"Zapote Negro","unknown male","CA","8:25:28"
"458",2022-01-27,"Pina","Urraca","CA","10:04:07"
"459",2021-12-22,"Tembleque","Urraca","CA","11:25:00"
"460",2021-10-27,"Cuervo","Wachil","CA","11:06:25"
"461",2021-12-23,"Kau","Wachil","CA","14:26:00"
"462",2022-01-25,"Urraca","Wachil","CA","11:47:31"
"463",2022-02-25,"Quiscalus","Xunub","CA","10:51:00"
